{
"lengthUnit": "mil",
"components": {
	"fields": ["COMPONENT_NO", "COMPONENT_NAME", "LAYER", "X_COORDINATE", "Y_COORDINATE", "ANGLE"],
	"rows": [
		[1, "LED1", "T", 2260, 1955, 0],
		[2, "LED2", "T", 3020, 1955, 0],
		[3, "LED3", "T", 2265, 1065, 0],
		[4, "LED4", "T", 3015, 1065, 0],
		[5, "OLED1", "T", 875, 2540, 0],
		[6, "R1", "T", 1815, 1910, 0],
		[7, "R2", "T", 1815, 1750, 0],
		[8, "R3", "T", 1825, 1600, 0],
		[9, "R4", "T", 1820, 1430, 0],
		[10, "SW1", "T", 2270, 2215, 0],
		[11, "SW2", "T", 3015, 2220, 0],
		[12, "SW3", "T", 2255, 1310, 0],
		[13, "SW4", "T", 3010, 1315, 0],
		[14, "U1", "T", 675, 925, 0],
		[15, "U2", "T", 2650, 725, 270]
	]
},
"pins": {
	"fields": ["PIN_NO", "PIN_NAME", "PIN_X", "PIN_Y", "LAYER", "PIN_TYPE", "NET_NAME", "NET_TYPE", "PAD_SHAPE", "PAD_SIZEX", "PAD_SIZEY", "HOLE_SIZE", "PAD_ANGLE"],
	"rows": [
		[1, "LED1_1", 2226.53, 1955, "T", "SMD", "$1N12", "", "R", 39.37, 35.43, 0, 270],
		[2, "LED1_2", 2293.46, 1955, "T", "SMD", "GND", "GND", "R", 39.37, 35.43, 0, 270],
		[3, "LED2_1", 2986.53, 1955, "T", "SMD", "$1N10", "", "R", 39.37, 35.43, 0, 270],
		[4, "LED2_2", 3053.46, 1955, "T", "SMD", "GND", "GND", "R", 39.37, 35.43, 0, 270],
		[5, "LED3_1", 2231.53, 1065, "T", "SMD", "$1N8", "", "R", 39.37, 35.43, 0, 270],
		[6, "LED3_2", 2298.46, 1065, "T", "SMD", "GND", "GND", "R", 39.37, 35.43, 0, 270],
		[7, "LED4_1", 2981.53, 1065, "T", "SMD", "$1N6", "", "R", 39.37, 35.43, 0, 270],
		[8, "LED4_2", 3048.46, 1065, "T", "SMD", "GND", "GND", "R", 39.37, 35.43, 0, 270],
		[9, "OLED1_1", 725, 2539.95, "T", "DIP", "GND", "GND", "C", 64.96, 64.96, 39.37, 0],
		[10, "OLED1_1", 725, 2539.95, "B", "DIP", "GND", "GND", "C", 64.96, 64.96, 39.37, 0],
		[11, "OLED1_2", 825, 2540.05, "T", "DIP", "VCC", "", "C", 64.96, 64.96, 39.37, 0],
		[12, "OLED1_2", 825, 2540.05, "B", "DIP", "VCC", "", "C", 64.96, 64.96, 39.37, 0],
		[13, "OLED1_3", 925, 2540.05, "T", "DIP", "SCL", "", "C", 64.96, 64.96, 39.37, 0],
		[14, "OLED1_3", 925, 2540.05, "B", "DIP", "SCL", "", "C", 64.96, 64.96, 39.37, 0],
		[15, "OLED1_4", 1025, 2540.05, "T", "DIP", "SDA", "", "C", 64.96, 64.96, 39.37, 0],
		[16, "OLED1_4", 1025, 2540.05, "B", "DIP", "SDA", "", "C", 64.96, 64.96, 39.37, 0],
		[17, "R1_1", 1785.34, 1910, "T", "SMD", "$1N11", "", "R", 31.75, 34.02, 0, 0],
		[18, "R1_2", 1844.66, 1910, "T", "SMD", "$1N12", "", "R", 31.75, 34.02, 0, 0],
		[19, "R2_1", 1785.34, 1750, "T", "SMD", "$1N9", "", "R", 31.75, 34.02, 0, 0],
		[20, "R2_2", 1844.66, 1750, "T", "SMD", "$1N10", "", "R", 31.75, 34.02, 0, 0],
		[21, "R3_1", 1795.34, 1600, "T", "SMD", "$1N7", "", "R", 31.75, 34.02, 0, 0],
		[22, "R3_2", 1854.66, 1600, "T", "SMD", "$1N8", "", "R", 31.75, 34.02, 0, 0],
		[23, "R4_1", 1790.34, 1430, "T", "SMD", "$1N5", "", "R", 31.75, 34.02, 0, 0],
		[24, "R4_2", 1849.66, 1430, "T", "SMD", "$1N6", "", "R", 31.75, 34.02, 0, 0],
		[25, "SW1_1", 2128.27, 2303.58, "T", "SMD", "SW1_1", "", "R", 38.58, 51.18, 0, 270],
		[26, "SW1_2", 2128.27, 2126.42, "T", "SMD", "GND", "GND", "R", 38.58, 51.18, 0, 270],
		[27, "SW1_3", 2411.73, 2126.42, "T", "SMD", "SW1_3", "", "R", 38.58, 51.18, 0, 270],
		[28, "SW1_4", 2411.73, 2303.58, "T", "SMD", "1", "", "R", 38.58, 51.18, 0, 270],
		[29, "SW2_1", 2873.27, 2308.58, "T", "SMD", "SW2_1", "", "R", 38.58, 51.18, 0, 270],
		[30, "SW2_2", 2873.27, 2131.42, "T", "SMD", "GND", "GND", "R", 38.58, 51.18, 0, 270],
		[31, "SW2_3", 3156.73, 2131.42, "T", "SMD", "SW2_3", "", "R", 38.58, 51.18, 0, 270],
		[32, "SW2_4", 3156.73, 2308.58, "T", "SMD", "2", "", "R", 38.58, 51.18, 0, 270],
		[33, "SW3_1", 2113.27, 1398.58, "T", "SMD", "SW3_1", "", "R", 38.58, 51.18, 0, 270],
		[34, "SW3_2", 2113.27, 1221.42, "T", "SMD", "GND", "GND", "R", 38.58, 51.18, 0, 270],
		[35, "SW3_3", 2396.73, 1221.42, "T", "SMD", "SW3_3", "", "R", 38.58, 51.18, 0, 270],
		[36, "SW3_4", 2396.73, 1398.58, "T", "SMD", "3", "", "R", 38.58, 51.18, 0, 270],
		[37, "SW4_1", 2868.27, 1403.58, "T", "SMD", "SW4_1", "", "R", 38.58, 51.18, 0, 270],
		[38, "SW4_2", 2868.27, 1226.42, "T", "SMD", "GND", "GND", "R", 38.58, 51.18, 0, 270],
		[39, "SW4_3", 3151.73, 1226.42, "T", "SMD", "SW4_3", "", "R", 38.58, 51.18, 0, 270],
		[40, "SW4_4", 3151.73, 1403.58, "T", "SMD", "4", "", "R", 38.58, 51.18, 0, 270],
		[41, "U1_1", 375, 598.23, "T", "SMD", "1", "", "R", 74.8, 118.11, 0, 0],
		[42, "U1_2", 475, 598.23, "T", "SMD", "2", "", "R", 74.8, 118.11, 0, 0],
		[43, "U1_3", 575, 598.23, "T", "SMD", "3", "", "R", 74.8, 118.11, 0, 0],
		[44, "U1_4", 675, 598.23, "T", "SMD", "4", "", "R", 74.8, 118.11, 0, 0],
		[45, "U1_5", 775, 598.23, "T", "SMD", "SDA", "", "R", 74.8, 118.11, 0, 0],
		[46, "U1_6", 875, 598.23, "T", "SMD", "SCL", "", "R", 74.8, 118.11, 0, 0],
		[47, "U1_7", 975, 598.23, "T", "SMD", "7", "", "R", 74.8, 118.11, 0, 0],
		[48, "U1_8", 975, 1251.77, "T", "SMD", "$1N5", "", "R", 74.8, 118.11, 0, 0],
		[49, "U1_9", 875, 1251.77, "T", "SMD", "$1N7", "", "R", 74.8, 118.11, 0, 0],
		[50, "U1_10", 775, 1251.77, "T", "SMD", "$1N9", "", "R", 74.8, 118.11, 0, 0],
		[51, "U1_11", 675, 1251.77, "T", "SMD", "$1N11", "", "R", 74.8, 118.11, 0, 0],
		[52, "U1_12", 575, 1251.77, "T", "SMD", "U1_12", "", "R", 74.8, 118.11, 0, 0],
		[53, "U1_13", 475, 1251.77, "T", "SMD", "GND", "GND", "R", 74.8, 118.11, 0, 0],
		[54, "U1_14", 375, 1251.77, "T", "SMD", "VCC", "", "R", 74.8, 118.11, 0, 0],
		[55, "U2_1", 2650, 902.76, "T", "SMD", "GND", "GND", "R", 118.11, 66.93, 0, 270],
		[56, "U2_2", 2650, 547.24, "T", "SMD", "7", "", "R", 118.11, 66.93, 0, 270]
	]
}
}